-- MySQL dump 10.13  Distrib 8.0.31, for Win64 (x86_64)
--
-- Host: localhost    Database: shopmedb
-- ------------------------------------------------------
-- Server version	8.0.31

/*!40101 SET @OLD_CHARACTER_SET_CLIENT=@@CHARACTER_SET_CLIENT */;
/*!40101 SET @OLD_CHARACTER_SET_RESULTS=@@CHARACTER_SET_RESULTS */;
/*!40101 SET @OLD_COLLATION_CONNECTION=@@COLLATION_CONNECTION */;
/*!50503 SET NAMES utf8 */;
/*!40103 SET @OLD_TIME_ZONE=@@TIME_ZONE */;
/*!40103 SET TIME_ZONE='+00:00' */;
/*!40014 SET @OLD_UNIQUE_CHECKS=@@UNIQUE_CHECKS, UNIQUE_CHECKS=0 */;
/*!40014 SET @OLD_FOREIGN_KEY_CHECKS=@@FOREIGN_KEY_CHECKS, FOREIGN_KEY_CHECKS=0 */;
/*!40101 SET @OLD_SQL_MODE=@@SQL_MODE, SQL_MODE='NO_AUTO_VALUE_ON_ZERO' */;
/*!40111 SET @OLD_SQL_NOTES=@@SQL_NOTES, SQL_NOTES=0 */;

--
-- Table structure for table `addresses`
--

DROP TABLE IF EXISTS `addresses`;
/*!40101 SET @saved_cs_client     = @@character_set_client */;
/*!50503 SET character_set_client = utf8mb4 */;
CREATE TABLE `addresses` (
  `id` int NOT NULL AUTO_INCREMENT,
  `address_line_1` varchar(64) NOT NULL,
  `address_line_2` varchar(64) DEFAULT NULL,
  `city` varchar(45) NOT NULL,
  `first_name` varchar(45) NOT NULL,
  `last_name` varchar(45) NOT NULL,
  `phone_number` varchar(15) NOT NULL,
  `postal_code` varchar(10) NOT NULL,
  `state` varchar(45) NOT NULL,
  `default_address` bit(1) DEFAULT NULL,
  `country_id` int DEFAULT NULL,
  `customer_id` int DEFAULT NULL,
  PRIMARY KEY (`id`),
  KEY `FKn3sth7s3kur1rafwbbrqqnswt` (`country_id`),
  KEY `FKhrpf5e8dwasvdc5cticysrt2k` (`customer_id`),
  CONSTRAINT `FKhrpf5e8dwasvdc5cticysrt2k` FOREIGN KEY (`customer_id`) REFERENCES `customers` (`id`),
  CONSTRAINT `FKn3sth7s3kur1rafwbbrqqnswt` FOREIGN KEY (`country_id`) REFERENCES `countries` (`id`)
) ENGINE=InnoDB DEFAULT CHARSET=utf8mb4 COLLATE=utf8mb4_0900_ai_ci;
/*!40101 SET character_set_client = @saved_cs_client */;

--
-- Dumping data for table `addresses`
--

LOCK TABLES `addresses` WRITE;
/*!40000 ALTER TABLE `addresses` DISABLE KEYS */;
/*!40000 ALTER TABLE `addresses` ENABLE KEYS */;
UNLOCK TABLES;

--
-- Table structure for table `brands`
--

DROP TABLE IF EXISTS `brands`;
/*!40101 SET @saved_cs_client     = @@character_set_client */;
/*!50503 SET character_set_client = utf8mb4 */;
CREATE TABLE `brands` (
  `id` int NOT NULL AUTO_INCREMENT,
  `logo` varchar(128) NOT NULL,
  `name` varchar(45) NOT NULL,
  PRIMARY KEY (`id`),
  UNIQUE KEY `UK_oce3937d2f4mpfqrycbr0l93m` (`name`)
) ENGINE=InnoDB AUTO_INCREMENT=7 DEFAULT CHARSET=utf8mb4 COLLATE=utf8mb4_0900_ai_ci;
/*!40101 SET character_set_client = @saved_cs_client */;

--
-- Dumping data for table `brands`
--

LOCK TABLES `brands` WRITE;
/*!40000 ALTER TABLE `brands` DISABLE KEYS */;
INSERT INTO `brands` VALUES (2,'61qL3aJAkXL._AC_UF1000,1000_QL80_.jpg','Aruther Conan Doyle'),(3,'images (2).jpg','Samsung'),(4,'nike-logo-26-3-1024x1024.png','Nike'),(5,'blue-adidas-originals-logo-png-18.png','Adidas'),(6,'file.jpg','Godrej');
/*!40000 ALTER TABLE `brands` ENABLE KEYS */;
UNLOCK TABLES;

--
-- Table structure for table `brands_categories`
--

DROP TABLE IF EXISTS `brands_categories`;
/*!40101 SET @saved_cs_client     = @@character_set_client */;
/*!50503 SET character_set_client = utf8mb4 */;
CREATE TABLE `brands_categories` (
  `brand_id` int NOT NULL,
  `category_id` int NOT NULL,
  PRIMARY KEY (`brand_id`,`category_id`),
  KEY `FK6x68tjj3eay19skqlhn7ls6ai` (`category_id`),
  CONSTRAINT `FK58ksmicdguvu4d7b6yglgqvxo` FOREIGN KEY (`brand_id`) REFERENCES `brands` (`id`),
  CONSTRAINT `FK6x68tjj3eay19skqlhn7ls6ai` FOREIGN KEY (`category_id`) REFERENCES `categories` (`id`)
) ENGINE=InnoDB DEFAULT CHARSET=utf8mb4 COLLATE=utf8mb4_0900_ai_ci;
/*!40101 SET character_set_client = @saved_cs_client */;

--
-- Dumping data for table `brands_categories`
--

LOCK TABLES `brands_categories` WRITE;
/*!40000 ALTER TABLE `brands_categories` DISABLE KEYS */;
INSERT INTO `brands_categories` VALUES (3,1),(4,2),(5,2),(6,3),(2,4);
/*!40000 ALTER TABLE `brands_categories` ENABLE KEYS */;
UNLOCK TABLES;

--
-- Table structure for table `cart_items`
--

DROP TABLE IF EXISTS `cart_items`;
/*!40101 SET @saved_cs_client     = @@character_set_client */;
/*!50503 SET character_set_client = utf8mb4 */;
CREATE TABLE `cart_items` (
  `id` int NOT NULL AUTO_INCREMENT,
  `quantity` int NOT NULL,
  `customer_id` int DEFAULT NULL,
  `product_id` int DEFAULT NULL,
  PRIMARY KEY (`id`),
  KEY `FKdagcsk6v6x4n1kxw3rkp57921` (`customer_id`),
  KEY `FK1re40cjegsfvw58xrkdp6bac6` (`product_id`),
  CONSTRAINT `FK1re40cjegsfvw58xrkdp6bac6` FOREIGN KEY (`product_id`) REFERENCES `products` (`id`),
  CONSTRAINT `FKdagcsk6v6x4n1kxw3rkp57921` FOREIGN KEY (`customer_id`) REFERENCES `customers` (`id`)
) ENGINE=InnoDB AUTO_INCREMENT=5 DEFAULT CHARSET=utf8mb4 COLLATE=utf8mb4_0900_ai_ci;
/*!40101 SET character_set_client = @saved_cs_client */;

--
-- Dumping data for table `cart_items`
--

LOCK TABLES `cart_items` WRITE;
/*!40000 ALTER TABLE `cart_items` DISABLE KEYS */;
/*!40000 ALTER TABLE `cart_items` ENABLE KEYS */;
UNLOCK TABLES;

--
-- Table structure for table `categories`
--

DROP TABLE IF EXISTS `categories`;
/*!40101 SET @saved_cs_client     = @@character_set_client */;
/*!50503 SET character_set_client = utf8mb4 */;
CREATE TABLE `categories` (
  `id` int NOT NULL AUTO_INCREMENT,
  `alias` varchar(64) NOT NULL,
  `all_parent_ids` varchar(256) DEFAULT NULL,
  `enabled` bit(1) NOT NULL,
  `image` varchar(128) NOT NULL,
  `name` varchar(128) NOT NULL,
  `parent_id` int DEFAULT NULL,
  PRIMARY KEY (`id`),
  UNIQUE KEY `UK_jx1ptm0r46dop8v0o7nmgfbeq` (`alias`),
  UNIQUE KEY `UK_t8o6pivur7nn124jehx7cygw5` (`name`),
  KEY `FKsaok720gsu4u2wrgbk10b5n8d` (`parent_id`),
  CONSTRAINT `FKsaok720gsu4u2wrgbk10b5n8d` FOREIGN KEY (`parent_id`) REFERENCES `categories` (`id`)
) ENGINE=InnoDB AUTO_INCREMENT=5 DEFAULT CHARSET=utf8mb4 COLLATE=utf8mb4_0900_ai_ci;
/*!40101 SET character_set_client = @saved_cs_client */;

--
-- Dumping data for table `categories`
--

LOCK TABLES `categories` WRITE;
/*!40000 ALTER TABLE `categories` DISABLE KEYS */;
INSERT INTO `categories` VALUES (1,'Gadgets',NULL,_binary '','elc.png','Electronics',NULL),(2,'Style',NULL,_binary '','images.jpg','Fashion',NULL),(3,'Household',NULL,_binary '','png-transparent-home-appliance-kitchen-cabinet-cooking-small-appliance-kitchen-miscellaneous-kitchen-furniture.png','Home And Kitchen',NULL),(4,'Story Books',NULL,_binary '','images (1).jpg','Books',NULL);
/*!40000 ALTER TABLE `categories` ENABLE KEYS */;
UNLOCK TABLES;

--
-- Table structure for table `countries`
--

DROP TABLE IF EXISTS `countries`;
/*!40101 SET @saved_cs_client     = @@character_set_client */;
/*!50503 SET character_set_client = utf8mb4 */;
CREATE TABLE `countries` (
  `id` int NOT NULL AUTO_INCREMENT,
  `code` varchar(5) NOT NULL,
  `name` varchar(45) NOT NULL,
  PRIMARY KEY (`id`)
) ENGINE=InnoDB AUTO_INCREMENT=3 DEFAULT CHARSET=utf8mb4 COLLATE=utf8mb4_0900_ai_ci;
/*!40101 SET character_set_client = @saved_cs_client */;

--
-- Dumping data for table `countries`
--

LOCK TABLES `countries` WRITE;
/*!40000 ALTER TABLE `countries` DISABLE KEYS */;
INSERT INTO `countries` VALUES (1,'93','Afghanistan '),(2,'91','India');
/*!40000 ALTER TABLE `countries` ENABLE KEYS */;
UNLOCK TABLES;

--
-- Table structure for table `currencies`
--

DROP TABLE IF EXISTS `currencies`;
/*!40101 SET @saved_cs_client     = @@character_set_client */;
/*!50503 SET character_set_client = utf8mb4 */;
CREATE TABLE `currencies` (
  `id` int NOT NULL AUTO_INCREMENT,
  `code` varchar(4) NOT NULL,
  `name` varchar(64) NOT NULL,
  `symbol` varchar(3) NOT NULL,
  PRIMARY KEY (`id`)
) ENGINE=InnoDB AUTO_INCREMENT=13 DEFAULT CHARSET=utf8mb4 COLLATE=utf8mb4_0900_ai_ci;
/*!40101 SET character_set_client = @saved_cs_client */;

--
-- Dumping data for table `currencies`
--

LOCK TABLES `currencies` WRITE;
/*!40000 ALTER TABLE `currencies` DISABLE KEYS */;
INSERT INTO `currencies` VALUES (1,'USD','United States Dollar','$'),(2,'GPB','British Pound','£'),(3,'JPY','Japanese Yen','¥'),(4,'EUR','Euro','€'),(5,'RUB','Russian Ruble','₽'),(6,'KRW','South Korean Won','₩'),(7,'CNY','Chinese Yuan','¥'),(8,'BRL','Brazilian Real','R$'),(9,'AUD','Australian Dollar','$'),(10,'CAD','Canadian Dollar','$'),(11,'VND','Vietnamese đồng ','₫'),(12,'INR','Indian Rupee','₹');
/*!40000 ALTER TABLE `currencies` ENABLE KEYS */;
UNLOCK TABLES;

--
-- Table structure for table `customers`
--

DROP TABLE IF EXISTS `customers`;
/*!40101 SET @saved_cs_client     = @@character_set_client */;
/*!50503 SET character_set_client = utf8mb4 */;
CREATE TABLE `customers` (
  `id` int NOT NULL AUTO_INCREMENT,
  `address_line_1` varchar(64) NOT NULL,
  `address_line_2` varchar(64) DEFAULT NULL,
  `city` varchar(45) NOT NULL,
  `first_name` varchar(45) NOT NULL,
  `last_name` varchar(45) NOT NULL,
  `phone_number` varchar(15) NOT NULL,
  `postal_code` varchar(10) NOT NULL,
  `state` varchar(45) NOT NULL,
  `authentication_type` varchar(10) DEFAULT NULL,
  `created_time` datetime(6) DEFAULT NULL,
  `email` varchar(45) NOT NULL,
  `enabled` bit(1) NOT NULL,
  `password` varchar(64) NOT NULL,
  `reset_password_token` varchar(30) DEFAULT NULL,
  `verification_code` varchar(64) DEFAULT NULL,
  `country_id` int DEFAULT NULL,
  PRIMARY KEY (`id`),
  UNIQUE KEY `UK_rfbvkrffamfql7cjmen8v976v` (`email`),
  KEY `FK7b7p2myt0y31l4nyj1p7sk0b1` (`country_id`),
  CONSTRAINT `FK7b7p2myt0y31l4nyj1p7sk0b1` FOREIGN KEY (`country_id`) REFERENCES `countries` (`id`)
) ENGINE=InnoDB AUTO_INCREMENT=6 DEFAULT CHARSET=utf8mb4 COLLATE=utf8mb4_0900_ai_ci;
/*!40101 SET character_set_client = @saved_cs_client */;

--
-- Dumping data for table `customers`
--

LOCK TABLES `customers` WRITE;
/*!40000 ALTER TABLE `customers` DISABLE KEYS */;
INSERT INTO `customers` VALUES (5,'Pune','Pune','Pune','Rahul ','Kadam','4384834831','411041','Pune','DATABASE','2024-04-30 12:32:12.058000','sirajshaikhcr7@gmail.com',_binary '','$2a$10$rSrZFAUTF5KwFS4bdg38POv7YJQOdq8H7Pzg2lp8z5KgUBFLxwDQ6',NULL,'ezeEVSsyNrBTcni08Q6rqHYEWBLuGmhpZJoAaCqOVANfKxtKGfvRY94PKHmzZb4c',2);
/*!40000 ALTER TABLE `customers` ENABLE KEYS */;
UNLOCK TABLES;

--
-- Table structure for table `order_details`
--

DROP TABLE IF EXISTS `order_details`;
/*!40101 SET @saved_cs_client     = @@character_set_client */;
/*!50503 SET character_set_client = utf8mb4 */;
CREATE TABLE `order_details` (
  `id` int NOT NULL AUTO_INCREMENT,
  `product_cost` float NOT NULL,
  `quantity` int NOT NULL,
  `shipping_cost` float NOT NULL,
  `subtotal` float NOT NULL,
  `unit_price` float NOT NULL,
  `order_id` int DEFAULT NULL,
  `product_id` int DEFAULT NULL,
  PRIMARY KEY (`id`),
  KEY `FKjyu2qbqt8gnvno9oe9j2s2ldk` (`order_id`),
  KEY `FK4q98utpd73imf4yhttm3w0eax` (`product_id`),
  CONSTRAINT `FK4q98utpd73imf4yhttm3w0eax` FOREIGN KEY (`product_id`) REFERENCES `products` (`id`),
  CONSTRAINT `FKjyu2qbqt8gnvno9oe9j2s2ldk` FOREIGN KEY (`order_id`) REFERENCES `orders` (`id`)
) ENGINE=InnoDB AUTO_INCREMENT=5 DEFAULT CHARSET=utf8mb4 COLLATE=utf8mb4_0900_ai_ci;
/*!40101 SET character_set_client = @saved_cs_client */;

--
-- Dumping data for table `order_details`
--

LOCK TABLES `order_details` WRITE;
/*!40000 ALTER TABLE `order_details` DISABLE KEYS */;
INSERT INTO `order_details` VALUES (4,400,2,86.3309,400,200,7,2);
/*!40000 ALTER TABLE `order_details` ENABLE KEYS */;
UNLOCK TABLES;

--
-- Table structure for table `order_track`
--

DROP TABLE IF EXISTS `order_track`;
/*!40101 SET @saved_cs_client     = @@character_set_client */;
/*!50503 SET character_set_client = utf8mb4 */;
CREATE TABLE `order_track` (
  `id` int NOT NULL AUTO_INCREMENT,
  `notes` varchar(256) DEFAULT NULL,
  `status` varchar(45) NOT NULL,
  `updated_time` datetime(6) DEFAULT NULL,
  `order_id` int DEFAULT NULL,
  PRIMARY KEY (`id`),
  KEY `FK31jv1s212kajfn3kk1ksmnyfl` (`order_id`),
  CONSTRAINT `FK31jv1s212kajfn3kk1ksmnyfl` FOREIGN KEY (`order_id`) REFERENCES `orders` (`id`)
) ENGINE=InnoDB AUTO_INCREMENT=6 DEFAULT CHARSET=utf8mb4 COLLATE=utf8mb4_0900_ai_ci;
/*!40101 SET character_set_client = @saved_cs_client */;

--
-- Dumping data for table `order_track`
--

LOCK TABLES `order_track` WRITE;
/*!40000 ALTER TABLE `order_track` DISABLE KEYS */;
INSERT INTO `order_track` VALUES (1,'Shipper picked the package','PICKED','2024-04-30 13:00:53.637000',7),(2,'Shipper is delivering the package','SHIPPING','2024-04-30 13:06:33.245000',7),(3,'Customer received products','DELIVERED','2024-04-30 13:15:43.678000',7),(4,'Reason: I bought the wrong items','RETURN_REQUESTED','2024-04-30 13:16:19.615000',7),(5,'Products were returned','RETURNED','2024-04-30 13:30:16.668000',7);
/*!40000 ALTER TABLE `order_track` ENABLE KEYS */;
UNLOCK TABLES;

--
-- Table structure for table `orders`
--

DROP TABLE IF EXISTS `orders`;
/*!40101 SET @saved_cs_client     = @@character_set_client */;
/*!50503 SET character_set_client = utf8mb4 */;
CREATE TABLE `orders` (
  `id` int NOT NULL AUTO_INCREMENT,
  `address_line_1` varchar(64) NOT NULL,
  `address_line_2` varchar(64) DEFAULT NULL,
  `city` varchar(45) NOT NULL,
  `first_name` varchar(45) NOT NULL,
  `last_name` varchar(45) NOT NULL,
  `phone_number` varchar(15) NOT NULL,
  `postal_code` varchar(10) NOT NULL,
  `state` varchar(45) NOT NULL,
  `country` varchar(45) NOT NULL,
  `deliver_date` datetime(6) DEFAULT NULL,
  `deliver_days` int NOT NULL,
  `order_time` datetime(6) DEFAULT NULL,
  `payment_method` varchar(255) DEFAULT NULL,
  `product_cost` float NOT NULL,
  `shipping_cost` float NOT NULL,
  `status` varchar(255) DEFAULT NULL,
  `subtotal` float NOT NULL,
  `tax` float NOT NULL,
  `total` float NOT NULL,
  `customer_id` int DEFAULT NULL,
  PRIMARY KEY (`id`),
  KEY `FKpxtb8awmi0dk6smoh2vp1litg` (`customer_id`),
  CONSTRAINT `FKpxtb8awmi0dk6smoh2vp1litg` FOREIGN KEY (`customer_id`) REFERENCES `customers` (`id`)
) ENGINE=InnoDB AUTO_INCREMENT=8 DEFAULT CHARSET=utf8mb4 COLLATE=utf8mb4_0900_ai_ci;
/*!40101 SET character_set_client = @saved_cs_client */;

--
-- Dumping data for table `orders`
--

LOCK TABLES `orders` WRITE;
/*!40000 ALTER TABLE `orders` DISABLE KEYS */;
INSERT INTO `orders` VALUES (7,'Pune','Pune','Pune','Rahul ','Kadam','4384834831','411041','Pune','India','2024-05-06 12:34:30.398000',6,'2024-04-30 12:34:30.398000','COD',400,86.3309,'RETURNED',400,0,486.331,5);
/*!40000 ALTER TABLE `orders` ENABLE KEYS */;
UNLOCK TABLES;

--
-- Table structure for table `product_details`
--

DROP TABLE IF EXISTS `product_details`;
/*!40101 SET @saved_cs_client     = @@character_set_client */;
/*!50503 SET character_set_client = utf8mb4 */;
CREATE TABLE `product_details` (
  `id` int NOT NULL AUTO_INCREMENT,
  `name` varchar(255) NOT NULL,
  `value` varchar(255) NOT NULL,
  `product_id` int DEFAULT NULL,
  PRIMARY KEY (`id`),
  KEY `FKnfvvq3meg4ha3u1bju9k4is3r` (`product_id`),
  CONSTRAINT `FKnfvvq3meg4ha3u1bju9k4is3r` FOREIGN KEY (`product_id`) REFERENCES `products` (`id`)
) ENGINE=InnoDB DEFAULT CHARSET=utf8mb4 COLLATE=utf8mb4_0900_ai_ci;
/*!40101 SET character_set_client = @saved_cs_client */;

--
-- Dumping data for table `product_details`
--

LOCK TABLES `product_details` WRITE;
/*!40000 ALTER TABLE `product_details` DISABLE KEYS */;
/*!40000 ALTER TABLE `product_details` ENABLE KEYS */;
UNLOCK TABLES;

--
-- Table structure for table `product_images`
--

DROP TABLE IF EXISTS `product_images`;
/*!40101 SET @saved_cs_client     = @@character_set_client */;
/*!50503 SET character_set_client = utf8mb4 */;
CREATE TABLE `product_images` (
  `id` int NOT NULL AUTO_INCREMENT,
  `name` varchar(255) NOT NULL,
  `product_id` int DEFAULT NULL,
  PRIMARY KEY (`id`),
  KEY `FKqnq71xsohugpqwf3c9gxmsuy` (`product_id`),
  CONSTRAINT `FKqnq71xsohugpqwf3c9gxmsuy` FOREIGN KEY (`product_id`) REFERENCES `products` (`id`)
) ENGINE=InnoDB DEFAULT CHARSET=utf8mb4 COLLATE=utf8mb4_0900_ai_ci;
/*!40101 SET character_set_client = @saved_cs_client */;

--
-- Dumping data for table `product_images`
--

LOCK TABLES `product_images` WRITE;
/*!40000 ALTER TABLE `product_images` DISABLE KEYS */;
/*!40000 ALTER TABLE `product_images` ENABLE KEYS */;
UNLOCK TABLES;

--
-- Table structure for table `products`
--

DROP TABLE IF EXISTS `products`;
/*!40101 SET @saved_cs_client     = @@character_set_client */;
/*!50503 SET character_set_client = utf8mb4 */;
CREATE TABLE `products` (
  `id` int NOT NULL AUTO_INCREMENT,
  `alias` varchar(256) NOT NULL,
  `cost` float NOT NULL,
  `created_time` datetime(6) DEFAULT NULL,
  `discount_percent` float DEFAULT NULL,
  `enabled` bit(1) NOT NULL,
  `full_description` varchar(4096) NOT NULL,
  `height` float NOT NULL,
  `in_stock` bit(1) DEFAULT NULL,
  `length` float NOT NULL,
  `main_image` varchar(255) NOT NULL,
  `name` varchar(256) NOT NULL,
  `price` float NOT NULL,
  `short_description` varchar(512) NOT NULL,
  `updated_time` datetime(6) DEFAULT NULL,
  `weight` float NOT NULL,
  `width` float NOT NULL,
  `brand_id` int DEFAULT NULL,
  `category_id` int DEFAULT NULL,
  PRIMARY KEY (`id`),
  UNIQUE KEY `UK_8qwq8q3hk7cxkp9gruxupnif5` (`alias`),
  UNIQUE KEY `UK_o61fmio5yukmmiqgnxf8pnavn` (`name`),
  KEY `FKa3a4mpsfdf4d2y6r8ra3sc8mv` (`brand_id`),
  KEY `FKog2rp4qthbtt2lfyhfo32lsw9` (`category_id`),
  CONSTRAINT `FKa3a4mpsfdf4d2y6r8ra3sc8mv` FOREIGN KEY (`brand_id`) REFERENCES `brands` (`id`),
  CONSTRAINT `FKog2rp4qthbtt2lfyhfo32lsw9` FOREIGN KEY (`category_id`) REFERENCES `categories` (`id`)
) ENGINE=InnoDB AUTO_INCREMENT=3 DEFAULT CHARSET=utf8mb4 COLLATE=utf8mb4_0900_ai_ci;
/*!40101 SET character_set_client = @saved_cs_client */;

--
-- Dumping data for table `products`
--

LOCK TABLES `products` WRITE;
/*!40000 ALTER TABLE `products` DISABLE KEYS */;
INSERT INTO `products` VALUES (1,'Man,s-Style',350,NULL,81,_binary '','<div><br></div>',15,_binary '',12,'images.jpg','Man Solid Mandiran Collar',1999,'<div><span style=\"color: rgb(33, 33, 33); font-family: Roboto, Arial, sans-serif; font-size: 14px; text-align: justify;\"><b>Elevate your wardrobe with our TRIPR exclusive Henly Neck Printed Men\'s T-Shirts, a masterpiece that seamlessly blends fashion and comfort. Designed for the modern man who refuses to compromise on style, this shirts is a true expression of individuality.</b></span><br></div>','2024-04-28 15:02:54.294000',2,20,5,2),(2,'Women',200,NULL,80,_binary '','<div><span style=\"color: rgb(17, 17, 17); font-family: -apple-system, BlinkMacSystemFont, &quot;Segoe UI&quot;, Roboto, Oxygen-Sans, &quot;Apple Color Emoji&quot;, &quot;Segoe UI Emoji&quot;, &quot;Segoe UI Symbol&quot;, Ubuntu, Cantarell, &quot;Fira Sans&quot;, &quot;Droid Sans&quot;, &quot;Helvetica Neue&quot;, Helvetica, &quot;ヒラギノ角ゴ Pro W3&quot;, メイリオ, Meiryo, &quot;ＭＳ Ｐゴシック&quot;, Arial, sans-serif;\"><b>Cute Adidas Outfits For Women | White Adidas T-shirt With Black Skinny Jeans - This casual outfit with the black Adidas Trefoil top is the perfect aesthetic! One of the cutest summer outfits for women. Image LikeToKnowIt.&nbsp;</b></span><br></div>',15,_binary '',10,'a-beautiful-young-woman-outside-wearing-a-vans-black-t-shirt-WMMX7B.jpg','Beautiful Russian Dress',1000,'<div><span style=\"color: rgb(17, 17, 17); font-family: -apple-system, BlinkMacSystemFont, &quot;Segoe UI&quot;, Roboto, Oxygen-Sans, &quot;Apple Color Emoji&quot;, &quot;Segoe UI Emoji&quot;, &quot;Segoe UI Symbol&quot;, Ubuntu, Cantarell, &quot;Fira Sans&quot;, &quot;Droid Sans&quot;, &quot;Helvetica Neue&quot;, Helvetica, &quot;ヒラギノ角ゴ Pro W3&quot;, メイリオ, Meiryo, &quot;ＭＳ Ｐゴシック&quot;, Arial, sans-serif;\"><b>Cute Adidas Outfits For Women | White Adidas T-shirt With Black Skinny Jeans</b></span><br></div>','2024-04-30 13:30:50.354000',2,20,5,2);
/*!40000 ALTER TABLE `products` ENABLE KEYS */;
UNLOCK TABLES;

--
-- Table structure for table `roles`
--

DROP TABLE IF EXISTS `roles`;
/*!40101 SET @saved_cs_client     = @@character_set_client */;
/*!50503 SET character_set_client = utf8mb4 */;
CREATE TABLE `roles` (
  `id` int NOT NULL AUTO_INCREMENT,
  `description` varchar(150) NOT NULL,
  `name` varchar(40) NOT NULL,
  PRIMARY KEY (`id`),
  UNIQUE KEY `UK_ofx66keruapi6vyqpv6f2or37` (`name`)
) ENGINE=InnoDB AUTO_INCREMENT=6 DEFAULT CHARSET=utf8mb4 COLLATE=utf8mb4_0900_ai_ci;
/*!40101 SET character_set_client = @saved_cs_client */;

--
-- Dumping data for table `roles`
--

LOCK TABLES `roles` WRITE;
/*!40000 ALTER TABLE `roles` DISABLE KEYS */;
INSERT INTO `roles` VALUES (1,'manage everything','Admin'),(2,'manage product price, customers, shipping, orders and sales report','Salesperson'),(3,'manage categories, brands, products, articles and menus','Editor'),(4,'view products, view orders and update order status','Shipper'),(5,'manage questions and reviews','Assistant');
/*!40000 ALTER TABLE `roles` ENABLE KEYS */;
UNLOCK TABLES;

--
-- Table structure for table `settings`
--

DROP TABLE IF EXISTS `settings`;
/*!40101 SET @saved_cs_client     = @@character_set_client */;
/*!50503 SET character_set_client = utf8mb4 */;
CREATE TABLE `settings` (
  `key` varchar(128) NOT NULL,
  `value` varchar(2000) NOT NULL,
  `category` varchar(1024) NOT NULL,
  PRIMARY KEY (`key`)
) ENGINE=InnoDB DEFAULT CHARSET=utf8mb4 COLLATE=utf8mb4_0900_ai_ci;
/*!40101 SET character_set_client = @saved_cs_client */;

--
-- Dumping data for table `settings`
--

LOCK TABLES `settings` WRITE;
/*!40000 ALTER TABLE `settings` DISABLE KEYS */;
INSERT INTO `settings` VALUES ('COPYRIGHT','Copyright (C) 2021 Shopme Ltd.','GENERAL'),('CURRENCY_ID','12','CURRENCY'),('CURRENCY_SYMBOL','₹','CURRENCY'),('CURRENCY_SYMBOL_POSITION','Before price','CURRENCY'),('CUSTOMER_VERIFY_CONTENT','<a href=\"[[URL]]\" target=\"_self\">VERIFY</a>','MAIL_TEMPLATES'),('CUSTOMER_VERIFY_SUBJECT','Shop Me Team','MAIL_TEMPLATES'),('DECIMAL_DIGITS','2','CURRENCY'),('DECIMAL_POINT_TYPE','POINT','CURRENCY'),('MAIL_FROM','sirajshaikhcr7@gmail.com','MAIL_SERVER'),('MAIL_HOST','smtp.gmail.com','MAIL_SERVER'),('MAIL_PASSWORD','onin wyyx blzk dxku','MAIL_SERVER'),('MAIL_PORT','587','MAIL_SERVER'),('MAIL_SENDER_NAME','Siraj Shaikh','MAIL_SERVER'),('MAIL_USERNAME','sirajshaikhcr7@gmail.com','MAIL_SERVER'),('ORDER_CONFIRMATION_CONTENT','<div>Dear [[name]]</div><div>Thanks for making an Order:</div>-Order ID:[[orderId]]&nbsp;<div>-Order time:[[orderTime]]</div><div>-Ship to:[[shippingAddress]]</div><div>-Total:[[total]]</div><div>-Payment&nbsp; method:[[paymentMethod]]</div><div><br></div><div>The Shopme Team<br><br></div>','MAIL_TEMPLATES'),('ORDER_CONFIRMATION_SUBJECT','Confirmation of Your Order #[[orderId]]','MAIL_TEMPLATES'),('SITE_LOGO','/site-logo/ShopmeAdminSmall.png','GENERAL'),('SITE_NAME','Shopme','GENERAL'),('SMTP_AUTH','true','MAIL_SERVER'),('SMTP_SECURED','true','MAIL_SERVER'),('THOUSANDS_POINT_TYPE','COMMA','CURRENCY');
/*!40000 ALTER TABLE `settings` ENABLE KEYS */;
UNLOCK TABLES;

--
-- Table structure for table `shipping_rates`
--

DROP TABLE IF EXISTS `shipping_rates`;
/*!40101 SET @saved_cs_client     = @@character_set_client */;
/*!50503 SET character_set_client = utf8mb4 */;
CREATE TABLE `shipping_rates` (
  `id` int NOT NULL AUTO_INCREMENT,
  `country_id` int DEFAULT NULL,
  `state` varchar(45) NOT NULL,
  `rate` float NOT NULL,
  `days` int NOT NULL,
  `cod_supported` bit(1) DEFAULT NULL,
  PRIMARY KEY (`id`),
  KEY `FKef7sfgeybt3xn13nlt2j6sljw` (`country_id`),
  CONSTRAINT `FKef7sfgeybt3xn13nlt2j6sljw` FOREIGN KEY (`country_id`) REFERENCES `countries` (`id`)
) ENGINE=InnoDB AUTO_INCREMENT=8 DEFAULT CHARSET=utf8mb4 COLLATE=utf8mb4_0900_ai_ci;
/*!40101 SET character_set_client = @saved_cs_client */;

--
-- Dumping data for table `shipping_rates`
--

LOCK TABLES `shipping_rates` WRITE;
/*!40000 ALTER TABLE `shipping_rates` DISABLE KEYS */;
INSERT INTO `shipping_rates` VALUES (6,1,'Delhi',1.2,2,_binary ''),(7,2,'Pune',2,6,_binary '');
/*!40000 ALTER TABLE `shipping_rates` ENABLE KEYS */;
UNLOCK TABLES;

--
-- Table structure for table `states`
--

DROP TABLE IF EXISTS `states`;
/*!40101 SET @saved_cs_client     = @@character_set_client */;
/*!50503 SET character_set_client = utf8mb4 */;
CREATE TABLE `states` (
  `id` int NOT NULL AUTO_INCREMENT,
  `name` varchar(45) NOT NULL,
  `country_id` int DEFAULT NULL,
  PRIMARY KEY (`id`),
  KEY `FKskkdphjml9vjlrqn4m5hi251y` (`country_id`),
  CONSTRAINT `FKskkdphjml9vjlrqn4m5hi251y` FOREIGN KEY (`country_id`) REFERENCES `countries` (`id`)
) ENGINE=InnoDB AUTO_INCREMENT=3 DEFAULT CHARSET=utf8mb4 COLLATE=utf8mb4_0900_ai_ci;
/*!40101 SET character_set_client = @saved_cs_client */;

--
-- Dumping data for table `states`
--

LOCK TABLES `states` WRITE;
/*!40000 ALTER TABLE `states` DISABLE KEYS */;
INSERT INTO `states` VALUES (1,'Maharashtra',2),(2,'Pune',2);
/*!40000 ALTER TABLE `states` ENABLE KEYS */;
UNLOCK TABLES;

--
-- Table structure for table `users`
--

DROP TABLE IF EXISTS `users`;
/*!40101 SET @saved_cs_client     = @@character_set_client */;
/*!50503 SET character_set_client = utf8mb4 */;
CREATE TABLE `users` (
  `id` int NOT NULL AUTO_INCREMENT,
  `email` varchar(128) NOT NULL,
  `enabled` bit(1) NOT NULL,
  `first_name` varchar(45) NOT NULL,
  `last_name` varchar(45) NOT NULL,
  `password` varchar(64) NOT NULL,
  `photos` varchar(64) DEFAULT NULL,
  PRIMARY KEY (`id`),
  UNIQUE KEY `UK_6dotkott2kjsp8vw4d0m25fb7` (`email`)
) ENGINE=InnoDB AUTO_INCREMENT=8 DEFAULT CHARSET=utf8mb4 COLLATE=utf8mb4_0900_ai_ci;
/*!40101 SET character_set_client = @saved_cs_client */;

--
-- Dumping data for table `users`
--

LOCK TABLES `users` WRITE;
/*!40000 ALTER TABLE `users` DISABLE KEYS */;
INSERT INTO `users` VALUES (4,'Sirajthecena@gmail.com',_binary '','Siraj','Shaikh','$2a$10$IqLBH5mgYADkrhqH4pgwyek1n729tmGoMClwNQTaS6N4VRnW9nEb.',NULL),(5,'AyeshaShaikh@gmail.com',_binary '','Ayesha','Shaikh','$2a$10$0mUCL5pLgfVZG2cRPFiNfOSA6yF2tAcSMnQ/QMV9vnYt1VD3GPxBG',NULL),(7,'Pandu@gmail.com',_binary '','Pandu','Kadam','$2a$10$mwPPE.S363r81WwD7TGQbOdN7AdkgIFFKreaBTvHmiYP/fUtz6B6S',NULL);
/*!40000 ALTER TABLE `users` ENABLE KEYS */;
UNLOCK TABLES;

--
-- Table structure for table `users_roles`
--

DROP TABLE IF EXISTS `users_roles`;
/*!40101 SET @saved_cs_client     = @@character_set_client */;
/*!50503 SET character_set_client = utf8mb4 */;
CREATE TABLE `users_roles` (
  `user_id` int NOT NULL,
  `role_id` int NOT NULL,
  PRIMARY KEY (`user_id`,`role_id`),
  KEY `FKj6m8fwv7oqv74fcehir1a9ffy` (`role_id`),
  CONSTRAINT `FK2o0jvgh89lemvvo17cbqvdxaa` FOREIGN KEY (`user_id`) REFERENCES `users` (`id`),
  CONSTRAINT `FKj6m8fwv7oqv74fcehir1a9ffy` FOREIGN KEY (`role_id`) REFERENCES `roles` (`id`)
) ENGINE=InnoDB DEFAULT CHARSET=utf8mb4 COLLATE=utf8mb4_0900_ai_ci;
/*!40101 SET character_set_client = @saved_cs_client */;

--
-- Dumping data for table `users_roles`
--

LOCK TABLES `users_roles` WRITE;
/*!40000 ALTER TABLE `users_roles` DISABLE KEYS */;
INSERT INTO `users_roles` VALUES (4,1),(5,1),(4,2),(5,2),(4,3),(5,3),(4,4),(5,4),(7,4),(4,5),(5,5);
/*!40000 ALTER TABLE `users_roles` ENABLE KEYS */;
UNLOCK TABLES;
/*!40103 SET TIME_ZONE=@OLD_TIME_ZONE */;

/*!40101 SET SQL_MODE=@OLD_SQL_MODE */;
/*!40014 SET FOREIGN_KEY_CHECKS=@OLD_FOREIGN_KEY_CHECKS */;
/*!40014 SET UNIQUE_CHECKS=@OLD_UNIQUE_CHECKS */;
/*!40101 SET CHARACTER_SET_CLIENT=@OLD_CHARACTER_SET_CLIENT */;
/*!40101 SET CHARACTER_SET_RESULTS=@OLD_CHARACTER_SET_RESULTS */;
/*!40101 SET COLLATION_CONNECTION=@OLD_COLLATION_CONNECTION */;
/*!40111 SET SQL_NOTES=@OLD_SQL_NOTES */;

-- Dump completed on 2024-04-30 13:42:44
